requirement_id,priority,phase,status,source,evidence
FR-UX-001,P0,3,PLANNED,docs/DETAILED_REQUIREMENTS.md,
FR-UX-002,P0,3,PLANNED,docs/DETAILED_REQUIREMENTS.md,
FR-UX-003,P0,3,PLANNED,docs/DETAILED_REQUIREMENTS.md,
FR-UX-004,P0,3,PLANNED,docs/DETAILED_REQUIREMENTS.md,
FR-UX-005,P0,3,PLANNED,docs/DETAILED_REQUIREMENTS.md,
FR-UX-006,P0,3,PLANNED,docs/DETAILED_REQUIREMENTS.md,
FR-UX-007,P0,3,PLANNED,docs/DETAILED_REQUIREMENTS.md,
FR-UX-008,P0,3,PLANNED,docs/DETAILED_REQUIREMENTS.md,
FR-UX-009,P0,3,PLANNED,docs/DETAILED_REQUIREMENTS.md,
FR-UX-010,P0,3,PLANNED,docs/DETAILED_REQUIREMENTS.md,
FR-UX-011,P0,3,PLANNED,docs/DETAILED_REQUIREMENTS.md,
FR-UX-012,P0,3,PLANNED,docs/DETAILED_REQUIREMENTS.md,
FR-UX-013,P0,3,PLANNED,docs/DETAILED_REQUIREMENTS.md,
FR-UX-014,P0,3,PLANNED,docs/DETAILED_REQUIREMENTS.md,
FR-UX-015,P0,3,PLANNED,docs/DETAILED_REQUIREMENTS.md,
FR-UX-016,P0,3,PLANNED,docs/DETAILED_REQUIREMENTS.md,
FR-UX-017,P0,3,PLANNED,docs/DETAILED_REQUIREMENTS.md,
FR-UX-018,P0,3,PLANNED,docs/DETAILED_REQUIREMENTS.md,
FR-UX-019,P0,3,PLANNED,docs/DETAILED_REQUIREMENTS.md,
FR-UX-020,P0,3,PLANNED,docs/DETAILED_REQUIREMENTS.md,
FR-UX-021,P0,3,PLANNED,docs/DETAILED_REQUIREMENTS.md,
FR-UX-022,P0,3,PLANNED,docs/DETAILED_REQUIREMENTS.md,
FR-UX-023,P0,3,PLANNED,docs/DETAILED_REQUIREMENTS.md,
FR-UX-024,P0,3,PLANNED,docs/DETAILED_REQUIREMENTS.md,
FR-UX-025,P0,3,PLANNED,docs/DETAILED_REQUIREMENTS.md,
FR-UX-026,P0,3,PLANNED,docs/DETAILED_REQUIREMENTS.md,
FR-UX-027,P0,3,PLANNED,docs/DETAILED_REQUIREMENTS.md,
FR-UX-028,P0,3,PLANNED,docs/DETAILED_REQUIREMENTS.md,
FR-UX-029,P1,3,PLANNED,docs/DETAILED_REQUIREMENTS.md,
FR-UX-030,P1,3,PLANNED,docs/DETAILED_REQUIREMENTS.md,
FR-UX-031,P0,3,PLANNED,docs/DETAILED_REQUIREMENTS.md,
FR-UX-032,P1,3,PLANNED,docs/DETAILED_REQUIREMENTS.md,
FR-UX-033,P0,3,PLANNED,docs/DETAILED_REQUIREMENTS.md,
FR-UX-034,P0,3,PLANNED,docs/DETAILED_REQUIREMENTS.md,
FR-UX-035,P0,3,PLANNED,docs/DETAILED_REQUIREMENTS.md,
FR-UX-036,P0,3,PLANNED,docs/DETAILED_REQUIREMENTS.md,
FR-UX-037,P0,3,PLANNED,docs/DETAILED_REQUIREMENTS.md,
FR-PM-001,P0,4,PLANNED,docs/DETAILED_REQUIREMENTS.md,
FR-PM-002,P0,4,PLANNED,docs/DETAILED_REQUIREMENTS.md,
FR-PM-003,P0,4,PLANNED,docs/DETAILED_REQUIREMENTS.md,
FR-PM-004,P0,4,PLANNED,docs/DETAILED_REQUIREMENTS.md,
FR-PM-005,P0,4,PLANNED,docs/DETAILED_REQUIREMENTS.md,
FR-PM-006,P0,4,PLANNED,docs/DETAILED_REQUIREMENTS.md,
FR-PM-007,P1,4,PLANNED,docs/DETAILED_REQUIREMENTS.md,
FR-PM-008,P0,4,PLANNED,docs/DETAILED_REQUIREMENTS.md,
FR-PM-009,P0,4,PLANNED,docs/DETAILED_REQUIREMENTS.md,
FR-PM-010,P1,4,PLANNED,docs/DETAILED_REQUIREMENTS.md,
FR-PM-011,P0,4,PLANNED,docs/DETAILED_REQUIREMENTS.md,
FR-PM-012,P1,4,PLANNED,docs/DETAILED_REQUIREMENTS.md,
FR-SG-001,P0,4,PLANNED,docs/DETAILED_REQUIREMENTS.md,
FR-SG-002,P0,4,PLANNED,docs/DETAILED_REQUIREMENTS.md,
FR-SG-003,P0,4,PLANNED,docs/DETAILED_REQUIREMENTS.md,
FR-SG-004,P0,4,PLANNED,docs/DETAILED_REQUIREMENTS.md,
FR-SG-005,P0,4,PLANNED,docs/DETAILED_REQUIREMENTS.md,
FR-SG-006,P0,4,PLANNED,docs/DETAILED_REQUIREMENTS.md,
FR-SG-007,P0,4,PLANNED,docs/DETAILED_REQUIREMENTS.md,
FR-SG-008,P0,4,PLANNED,docs/DETAILED_REQUIREMENTS.md,
FR-SG-009,P1,4,PLANNED,docs/DETAILED_REQUIREMENTS.md,
FR-TL-001,P0,6,PLANNED,docs/DETAILED_REQUIREMENTS.md,
FR-TL-002,P0,6,PLANNED,docs/DETAILED_REQUIREMENTS.md,
FR-TL-003,P0,6,PLANNED,docs/DETAILED_REQUIREMENTS.md,
FR-TL-004,P0,6,PLANNED,docs/DETAILED_REQUIREMENTS.md,
FR-TL-005,P0,6,PLANNED,docs/DETAILED_REQUIREMENTS.md,
FR-TL-006,P0,6,PLANNED,docs/DETAILED_REQUIREMENTS.md,
FR-TL-007,P1,6,PLANNED,docs/DETAILED_REQUIREMENTS.md,
FR-TL-008,P0,6,PLANNED,docs/DETAILED_REQUIREMENTS.md,
FR-TL-009,P0,6,PLANNED,docs/DETAILED_REQUIREMENTS.md,
FR-TL-010,P0,6,PLANNED,docs/DETAILED_REQUIREMENTS.md,
FR-TL-011,P0,6,PLANNED,docs/DETAILED_REQUIREMENTS.md,
FR-TL-012,P0,6,PLANNED,docs/DETAILED_REQUIREMENTS.md,
FR-TL-013,P1,6,PLANNED,docs/DETAILED_REQUIREMENTS.md,
FR-TL-014,P1,6,PLANNED,docs/DETAILED_REQUIREMENTS.md,
FR-TL-015,P1,6,PLANNED,docs/DETAILED_REQUIREMENTS.md,
FR-TL-016,P1,6,PLANNED,docs/DETAILED_REQUIREMENTS.md,
FR-TL-017,P2,6,PLANNED,docs/DETAILED_REQUIREMENTS.md,
FR-TL-018,P2,6,PLANNED,docs/DETAILED_REQUIREMENTS.md,
FR-DS-001,P0,5,PLANNED,docs/DETAILED_REQUIREMENTS.md,
FR-DS-002,P0,5,PLANNED,docs/DETAILED_REQUIREMENTS.md,
FR-DS-003,P0,5,PLANNED,docs/DETAILED_REQUIREMENTS.md,
FR-DS-004,P0,5,PLANNED,docs/DETAILED_REQUIREMENTS.md,
FR-DS-005,P0,5,PLANNED,docs/DETAILED_REQUIREMENTS.md,
FR-DS-006,P0,5,PLANNED,docs/DETAILED_REQUIREMENTS.md,
FR-DS-007,P1,5,PLANNED,docs/DETAILED_REQUIREMENTS.md,
FR-DS-008,P0,5,PLANNED,docs/DETAILED_REQUIREMENTS.md,
FR-DS-009,P1,5,PLANNED,docs/DETAILED_REQUIREMENTS.md,
FR-DS-010,P0,5,PLANNED,docs/DETAILED_REQUIREMENTS.md,
FR-DS-011,P0,5,PLANNED,docs/DETAILED_REQUIREMENTS.md,
FR-DS-012,P1,5,PLANNED,docs/DETAILED_REQUIREMENTS.md,
FR-DS-013,P0,5,PLANNED,docs/DETAILED_REQUIREMENTS.md,
FR-DS-014,P2,5,PLANNED,docs/DETAILED_REQUIREMENTS.md,
FR-NP-001,P0,7,PLANNED,docs/DETAILED_REQUIREMENTS.md,
FR-NP-002,P0,7,PLANNED,docs/DETAILED_REQUIREMENTS.md,
FR-NP-003,P0,7,PLANNED,docs/DETAILED_REQUIREMENTS.md,
FR-NP-004,P0,7,PLANNED,docs/DETAILED_REQUIREMENTS.md,
FR-NP-005,P0,7,PLANNED,docs/DETAILED_REQUIREMENTS.md,
FR-NP-006,P0,7,PLANNED,docs/DETAILED_REQUIREMENTS.md,
FR-NP-007,P1,7,PLANNED,docs/DETAILED_REQUIREMENTS.md,
FR-NP-008,P0,7,PLANNED,docs/DETAILED_REQUIREMENTS.md,
FR-NP-009,P0,7,PLANNED,docs/DETAILED_REQUIREMENTS.md,
FR-NP-010,P0,7,PLANNED,docs/DETAILED_REQUIREMENTS.md,
FR-NP-011,P0,7,PLANNED,docs/DETAILED_REQUIREMENTS.md,
FR-NP-012,P1,7,PLANNED,docs/DETAILED_REQUIREMENTS.md,
FR-NP-013,P0,7,PLANNED,docs/DETAILED_REQUIREMENTS.md,
FR-NP-014,P0,7,PLANNED,docs/DETAILED_REQUIREMENTS.md,
FR-NP-015,P1,7,PLANNED,docs/DETAILED_REQUIREMENTS.md,
FR-TR-001,P0,7,PLANNED,docs/DETAILED_REQUIREMENTS.md,
FR-TR-002,P0,7,PLANNED,docs/DETAILED_REQUIREMENTS.md,
FR-TR-003,P0,7,PLANNED,docs/DETAILED_REQUIREMENTS.md,
FR-TR-004,P0,7,PLANNED,docs/DETAILED_REQUIREMENTS.md,
FR-TR-005,P0,7,PLANNED,docs/DETAILED_REQUIREMENTS.md,
FR-TR-006,P0,7,PLANNED,docs/DETAILED_REQUIREMENTS.md,
FR-TR-007,P0,7,PLANNED,docs/DETAILED_REQUIREMENTS.md,
FR-TR-008,P1,7,PLANNED,docs/DETAILED_REQUIREMENTS.md,
FR-TR-009,P1,7,PLANNED,docs/DETAILED_REQUIREMENTS.md,
FR-TR-010,P2,7,PLANNED,docs/DETAILED_REQUIREMENTS.md,
FR-CH-001,P0,9,PLANNED,docs/DETAILED_REQUIREMENTS.md,
FR-CH-002,P0,9,PLANNED,docs/DETAILED_REQUIREMENTS.md,
FR-CH-003,P0,9,PLANNED,docs/DETAILED_REQUIREMENTS.md,
FR-CH-004,P0,9,PLANNED,docs/DETAILED_REQUIREMENTS.md,
FR-CH-005,P0,9,PLANNED,docs/DETAILED_REQUIREMENTS.md,
FR-CH-006,P0,9,PLANNED,docs/DETAILED_REQUIREMENTS.md,
FR-CH-007,P0,9,PLANNED,docs/DETAILED_REQUIREMENTS.md,
FR-CH-008,P0,9,PLANNED,docs/DETAILED_REQUIREMENTS.md,
FR-CH-009,P1,9,PLANNED,docs/DETAILED_REQUIREMENTS.md,
FR-CH-010,P0,9,PLANNED,docs/DETAILED_REQUIREMENTS.md,
FR-CO-001,P0,4,PLANNED,docs/DETAILED_REQUIREMENTS.md,
FR-CO-002,P0,4,PLANNED,docs/DETAILED_REQUIREMENTS.md,
FR-CO-003,P1,4,PLANNED,docs/DETAILED_REQUIREMENTS.md,
FR-CO-004,P1,4,PLANNED,docs/DETAILED_REQUIREMENTS.md,
FR-CO-005,P0,4,PLANNED,docs/DETAILED_REQUIREMENTS.md,
FR-CO-006,P0,4,PLANNED,docs/DETAILED_REQUIREMENTS.md,
FR-CO-007,P2,4,PLANNED,docs/DETAILED_REQUIREMENTS.md,
FR-RP-001,P0,9,PLANNED,docs/DETAILED_REQUIREMENTS.md,
FR-RP-002,P0,9,PLANNED,docs/DETAILED_REQUIREMENTS.md,
FR-RP-003,P0,9,PLANNED,docs/DETAILED_REQUIREMENTS.md,
FR-RP-004,P0,9,PLANNED,docs/DETAILED_REQUIREMENTS.md,
FR-RP-005,P0,9,PLANNED,docs/DETAILED_REQUIREMENTS.md,
FR-RP-006,P1,9,PLANNED,docs/DETAILED_REQUIREMENTS.md,
FR-RP-007,P0,9,PLANNED,docs/DETAILED_REQUIREMENTS.md,
FR-RP-008,P0,9,PLANNED,docs/DETAILED_REQUIREMENTS.md,
FR-RP-009,P0,9,PLANNED,docs/DETAILED_REQUIREMENTS.md,
FR-RP-010,P1,9,PLANNED,docs/DETAILED_REQUIREMENTS.md,
INT-001,P0,8,PLANNED,docs/DETAILED_REQUIREMENTS.md,
INT-002,P0,8,PLANNED,docs/DETAILED_REQUIREMENTS.md,
INT-003,P0,8,PLANNED,docs/DETAILED_REQUIREMENTS.md,
INT-004,P0,8,PLANNED,docs/DETAILED_REQUIREMENTS.md,
INT-005,P0,8,PLANNED,docs/DETAILED_REQUIREMENTS.md,
INT-006,P0,8,PLANNED,docs/DETAILED_REQUIREMENTS.md,
INT-007,P0,8,PLANNED,docs/DETAILED_REQUIREMENTS.md,
INT-008,P0,8,PLANNED,docs/DETAILED_REQUIREMENTS.md,
INT-009,P0,8,PLANNED,docs/DETAILED_REQUIREMENTS.md,
INT-010,P0,8,PLANNED,docs/DETAILED_REQUIREMENTS.md,
INT-011,P0,8,PLANNED,docs/DETAILED_REQUIREMENTS.md,
INT-012,P0,8,PLANNED,docs/DETAILED_REQUIREMENTS.md,
INT-013,P0,8,PLANNED,docs/DETAILED_REQUIREMENTS.md,
INT-014,P0,8,PLANNED,docs/DETAILED_REQUIREMENTS.md,
NFR-SEC-001,P0,2,PLANNED,docs/DETAILED_REQUIREMENTS.md,
NFR-SEC-002,P0,2,PLANNED,docs/DETAILED_REQUIREMENTS.md,
NFR-SEC-003,P0,2,PLANNED,docs/DETAILED_REQUIREMENTS.md,
NFR-AUD-001,P0,2,PLANNED,docs/DETAILED_REQUIREMENTS.md,
NFR-PER-001,P0,9,PLANNED,docs/DETAILED_REQUIREMENTS.md,
NFR-PER-002,P1,9,PLANNED,docs/DETAILED_REQUIREMENTS.md,
NFR-AVL-001,P0,9,PLANNED,docs/DETAILED_REQUIREMENTS.md,
NFR-BCP-001,P0,9,PLANNED,docs/DETAILED_REQUIREMENTS.md,
NFR-INT-001,P0,9,PLANNED,docs/DETAILED_REQUIREMENTS.md,
NFR-SCL-001,P1,9,PLANNED,docs/DETAILED_REQUIREMENTS.md,
NFR-MNT-001,P0,9,PLANNED,docs/DETAILED_REQUIREMENTS.md,
NFR-DAT-001,P0,9,PLANNED,docs/DETAILED_REQUIREMENTS.md,
NFR-UX-001,P0,3,PLANNED,docs/DETAILED_REQUIREMENTS.md,
NFR-LOC-001,P0,3,PLANNED,docs/DETAILED_REQUIREMENTS.md,
NFR-LOC-002,P0,3,PLANNED,docs/DETAILED_REQUIREMENTS.md,
NFR-UX-002,P0,3,PLANNED,docs/DETAILED_REQUIREMENTS.md,
NFR-COM-001,P1,9,PLANNED,docs/DETAILED_REQUIREMENTS.md,
