Actor User ID,操作使用者 ID
Adapter Boundary Crossed,已越過適配器邊界
Attempt Count,嘗試次數
Attempt Number,嘗試序號
Canonical Event Hash,規範事件雜湊
Claim Token,領取權杖
Claimed At,領取時間
Completed At,完成時間
Created At,建立時間
Engineering Change,工程變更
Engineering Change Inbox history can only be changed by the authenticated intake service.,工程變更收件匣歷史只能由已驗證的接入服務變更。
Engineering Change integration history cannot be changed.,不能變更工程變更整合歷史。
Engineering Change integration history cannot be deleted.,不能刪除工程變更整合歷史。
Engineering Change integration write authority is invalid.,工程變更整合寫入權限無效。
Engineering Change summary Outbox messages can only be changed by the controlled execution service.,工程變更摘要寄件匣訊息只能由受控執行服務變更。
Engineering Change summary attempts can only be changed by the controlled execution service.,工程變更摘要嘗試只能由受控執行服務變更。
Engineering Change summary requests can only be changed through an authorized command.,工程變更摘要請求只能透過已授權命令變更。
Engineering Change summary results can only be appended by the controlled execution service.,工程變更摘要結果只能由受控執行服務附加。
Engineering change event authentication failed.,工程變更事件驗證失敗。
Engineering change integration conflict,工程變更整合衝突
Engineering change integration is unavailable.,工程變更整合無法使用。
Event ID,事件 ID
Event Snapshot,事件快照
Event Type,事件類型
Fault Kind,故障類型
Global ID,全域 ID
Idempotency Key Hash,冪等鍵雜湊
Integration Profile Hash,整合設定檔雜湊
Integration Profile ID,整合設定檔識別碼
Integration Profile Version,整合設定檔版本
Last Attempt ID,上次嘗試識別碼
Last Error At,上次錯誤時間
Last Error Code,上次錯誤代碼
Lease Expires At,租約到期時間
NPI Engineering Change Inbox,NPI 工程變更收件匣
NPI Engineering Change Summary Attempt,NPI 工程變更摘要嘗試
NPI Engineering Change Summary Outbox,NPI 工程變更摘要寄件匣
NPI Engineering Change Summary Request,NPI 工程變更摘要請求
NPI Engineering Change Summary Result,NPI 工程變更摘要結果
Object Version,物件版本
Observation Revision ID,觀察修訂識別碼
Observation Snapshot Hash,觀察快照雜湊
Observed At,觀察時間
Outbox Event ID,寄件匣事件識別碼
Payload,承載資料
Payload Hash,承載資料雜湊
Project,專案
Raw Body Hash,原始本文雜湊
Receipt ID,回執 ID
Received At,接收時間
Refresh the Engineering Change and retry with its exact current version.,請重新整理工程變更並使用其確切的目前版本重試。
Request ID,請求 ID
Response Authenticated,回應已驗證
Response Contract Valid,回應合約有效
Response Hash,回應雜湊
Result Hash,結果雜湊
Result ID,結果識別碼
Result Snapshot,結果快照
Retry After Seconds,重試等待秒數
Retry Directive,重試指令
Revision ID,修訂識別碼
Revision Number,修訂號
Revision Snapshot Hash,修訂快照雜湊
Safe Error Code,安全錯誤代碼
Schema Version,結構描述版本
Service Actor User ID,服務操作使用者 ID
Signed At,簽署時間
Signing Key ID,簽署金鑰 ID
Source Hash,來源雜湊
Source Key Hash,來源鍵雜湊
Source Snapshot,來源快照
Started At,開始時間
State,狀態
Summary Attempt,摘要嘗試
Summary Outbox,摘要寄件匣
Summary Request,摘要請求
Target Idempotency Key Hash,目標冪等鍵雜湊
Tenant ID,租戶 ID
The Engineering Change event is unavailable.,工程變更事件無法使用。
The Engineering Change integration actor is invalid.,工程變更整合操作使用者無效。
The Engineering Change integration actor is unavailable.,工程變更整合操作使用者無法使用。
The Engineering Change integration actor lacks the required role.,工程變更整合操作使用者缺少所需角色。
The Engineering Change integration profile is not active for this Project.,此專案的工程變更整合設定檔未啟用。
The signed Engineering Change event could not be accepted.,無法接受已簽署的工程變更事件。
Trace ID,追蹤 ID
Updated At,更新時間
failed_final,最終失敗
failed_retryable,可重試失敗
identity_conflict,識別衝突
observed_failure,已觀察失敗
observed_success,已觀察成功
partial,部分完成
partially_succeeded,部分成功
pending,待處理
processing,處理中
quarantined,已隔離
queued,已排隊
started,已開始
succeeded,成功
superseded,已取代
synthetic_verified,合成驗證通過
uncertain,不確定
uncertain_after_timeout,逾時後不確定
"NPI Trial Summary Delivery","NPI 試模摘要投遞"
"NPI Trial Summary Delivery Attempt","NPI 試模摘要投遞嘗試"
"Delivery Global ID","投遞全域識別碼"
"Trial Summary Delivery Event Type","試模摘要投遞事件類型"
"Project Global ID","專案全域識別碼"
"Trial Plan Global ID","試模計畫全域識別碼"
"Trial Round Global ID","試模輪次全域識別碼"
"Trial Summary Global ID","試模摘要全域識別碼"
"Trial Summary Revision Global ID","試模摘要修訂全域識別碼"
"Trial Summary Version","試模摘要版本"
"Exact Trial Summary Delivery Source","精確試模摘要投遞來源"
"Trial Summary Delivery Source Hash","試模摘要投遞來源雜湊"
"Source Snapshot Hash","來源快照雜湊"
"Source Actor User ID","來源操作使用者識別碼"
"Trial Summary Delivery State","試模摘要投遞狀態"
"Trial Summary Delivery Attempt Count","試模摘要投遞嘗試次數"
"Trial Summary Delivery Claim Token","試模摘要投遞領取權杖"
"Trial Summary Delivery Claimed At","試模摘要投遞領取時間"
"Trial Summary Delivery Lease Expires At","試模摘要投遞租約到期時間"
"Trial Summary Adapter Boundary Crossed","已越過試模摘要適配器邊界"
"Trial Summary Execution Profile ID","試模摘要執行設定識別碼"
"Trial Summary Execution Profile Version","試模摘要執行設定版本"
"Trial Summary Execution Profile Snapshot Hash","試模摘要執行設定快照雜湊"
"Target Environment Code","目標環境代碼"
"Last Trial Summary Delivery Attempt","最後一次試模摘要投遞嘗試"
"ERPNext Trial Summary Projection ID","ERPNext 試模摘要投影識別碼"
"ERPNext Trial Summary Fact Count","ERPNext 試模摘要事實數量"
"ERPNext Trial Summary Response Hash","ERPNext 試模摘要回應雜湊"
"Last HTTP Status","最後請求狀態"
"Next Retry At","下次重試時間"
"Attempt Global ID","嘗試全域識別碼"
"Attempt Key Hash","嘗試鍵雜湊"
"Trial Summary Delivery","試模摘要投遞"
"Trial Summary Attempt Kind","試模摘要嘗試類型"
"Trial Summary Attempt State","試模摘要嘗試狀態"
"Error Code","錯誤代碼"
"HTTP Status","請求狀態"
"publish","發佈"
"reconcile","對帳"
"reconciled_absent","對帳確認不存在"
"reconciled_present","對帳確認存在"
"A Trial Summary attempt must start before it is completed.","試模摘要嘗試必須先開始才能完成。"
"Attempt Key Hash is invalid.","嘗試鍵雜湊無效。"
"Attempt Number is invalid.","嘗試序號無效。"
"ERPNext Trial Summary Response Hash is invalid.","ERPNext 試模摘要回應雜湊無效。"
"Global ID is invalid.","全域識別碼無效。"
"Only a failed Trial Summary delivery can be retried.","只能重試失敗的試模摘要投遞。"
"Only an uncertain Trial Summary delivery can be reconciled.","只能對不確定的試模摘要投遞執行對帳。"
"Response Hash is invalid.","回應雜湊無效。"
"The Trial Summary attempt key is invalid.","試模摘要嘗試鍵無效。"
"The Trial Summary attempt transition is invalid.","試模摘要嘗試狀態轉換無效。"
"The Trial Summary delivery attempt limit was reached.","已達到試模摘要投遞嘗試次數上限。"
"The Trial Summary delivery source binding is invalid.","試模摘要投遞來源綁定無效。"
"The Trial Summary delivery type or state is invalid.","試模摘要投遞類型或狀態無效。"
"The Trial Summary execution route is immutable after binding.","試模摘要執行路由綁定後不可變。"
"The exact Trial Summary delivery source is invalid.","精確試模摘要投遞來源無效。"
"The query page is invalid.","查詢分頁無效。"
"Trial Summary Attempt Kind is invalid.","試模摘要嘗試類型無效。"
"Trial Summary Delivery Attempt Count is invalid.","試模摘要投遞嘗試次數無效。"
"Trial Summary Delivery State is invalid.","試模摘要投遞狀態無效。"
"Trial Summary Execution Profile Snapshot Hash is invalid.","試模摘要執行設定快照雜湊無效。"
"Trial Summary Version is invalid.","試模摘要版本無效。"
"Trial Summary attempt identity is immutable.","試模摘要嘗試識別不可變。"
"Trial Summary attempts exceed the safe bound.","試模摘要嘗試超過安全上限。"
"Trial Summary deliveries can only be changed by the controlled integration service.","試模摘要投遞只能由受控整合服務變更。"
"Trial Summary delivery history cannot be deleted.","不能刪除試模摘要投遞歷史。"
"Trial Summary delivery source fields are immutable.","試模摘要投遞來源欄位不可變。"
"The Trial Summary delivery transition is invalid.","試模摘要投遞狀態轉換無效。"
"{field} is invalid.","{field} 無效。"
"ERPNext master data can only be changed by the controlled integration service.","ERPNext 主資料只能由受控整合服務變更。"
"ERPNext master data synchronization history cannot be deleted.","不能刪除 ERPNext 主資料同步歷史。"
"ERPNext master data synchronization is temporarily unavailable.","ERPNext 主資料同步暫時不可用。"
"Enter a valid ERPNext master data snapshot.","請輸入有效的 ERPNext 主資料快照。"
"Select a supported ERPNext master data type.","請選擇支援的 ERPNext 主資料類型。"
"Enter a valid master data search.","請輸入有效的主資料搜尋內容。"
"Enter a valid master data page.","請輸入有效的主資料分頁參數。"
"NPI ERP Master Catalog Entry","NPI 企業資源規劃主資料目錄項目"
"ERPNext Master Catalog Type","ERPNext 主資料目錄類型"
"item_group","物料群組"
"item","物料"
"ERPNext Master Data Key","ERPNext 主資料鍵"
"Display Name","顯示名稱"
"Present in ERPNext","存在於 ERPNext"
"ERPNext Group Key","ERPNext 群組鍵"
"ERPNext Parent Key","ERPNext 上層鍵"
"Stock UOM","庫存計量單位"
"Is Group","是否為群組"
"Is Stock Item","是否為庫存物料"
"Current Master Snapshot","目前主資料快照"
"Source Record Hash","來源記錄雜湊"
"NPI ERP Master Catalog Head","NPI 企業資源規劃主資料目錄頭"
"Current Source Event ID","目前來源事件識別碼"
"Master Data Record Count","主資料記錄數量"
"Last Synchronized At","最後同步時間"
"NPI ERP Master Snapshot","NPI 企業資源規劃主資料快照"
"Exact Master Data Snapshot","精確主資料快照"
